@anezarandona,twitter.com/anezarandona,"Conquistadores! 
Gotzon Mantuliz en el desaf√≠o#Conquis5ETB#ElDesaf√≠o",twitter.com/anezarandona/status/1893064963297628357#m
@alberichspielt1,twitter.com/alberichspielt1,"gabon!

fant√°stico lo del surstr√∂mming

sugiero, de aqu√≠ a noviembre, un visionado de los programas aquellos de humor amarillo para documentarse con m√°s maldades... üòÅüëç#elConquis5ETB#ElConquisETB#ElConquis#Conquis5ETB",twitter.com/alberichspielt1/status/1892372547171152320#m
@SspAarrOw,twitter.com/SspAarrOw,"Mi ranking de participantes:
üîµCOROCOTEüîµ
1. Isra
2. Leyre
3. Chivite
4. Koty
5. Carra
6. Ainhoa
7. Rebl√°n
8. Elazar
9. Jime
10. Raquel#conquis5ETB#elconquis5ETB",twitter.com/SspAarrOw/status/1892356740194140596#m
@SspAarrOw,twitter.com/SspAarrOw,"Mi ranking de participantes:
üü°GUABANüü°
1. Aratz
2. Santa
3. Maider
4. Iradi
5. Ekhi
6. Pati
7. Jontxu
8. Filete
9. Lorea
10. Hippie#conquis5ETB#elconquis5ETB",twitter.com/SspAarrOw/status/1892356738445197314#m
@SspAarrOw,twitter.com/SspAarrOw,"Mi ranking de participantes:
üî¥YOCAHUüî¥
1. Nahikarita
2. Sebas
3. Alex
4. Famo
5. Saioa
6. Xego
7. La Ratxel
8. Marcela
9. Ari
10. Unai
11. Killo#conquis5ETB#elconquis5ETB",twitter.com/SspAarrOw/status/1892356736792531187#m
@HaterdeEneko,twitter.com/HaterdeEneko,"Quillo, paaa casaaa#Conquis5ETB",twitter.com/HaterdeEneko/status/1892351451365576878#m
@HaterdeEneko,twitter.com/HaterdeEneko,Jokin de apellido cagon#Conquis5ETB,twitter.com/HaterdeEneko/status/1892349119458341262#m
@patri_cule,twitter.com/patri_cule,#Conquis5ETBdespu√©s de poner 20 veces el mismo tweet ahora no pone ninguno por favor volver@isma_conquis,twitter.com/patri_cule/status/1892348027555234276#m
@HaterdeEneko,twitter.com/HaterdeEneko,"Quillota, a la calle#Conquis5ETB",twitter.com/HaterdeEneko/status/1892346567144686015#m
@guaito66,twitter.com/guaito66,"#Conquis5ETBEs una pena que Allen se haya ido. Me ha sorprendido muy gratamente, era el que aportaba tranquilidad y buen rollito en ese grupo, que es un polvor√≠n. A√∫pa Allen",twitter.com/guaito66/status/1892345156940042664#m
@patri_cule,twitter.com/patri_cule,#Conquis5ETBvolver a poner el mismo tweet que todav√≠a no me he enterado bien,twitter.com/patri_cule/status/1892342753310175426#m
@Ms_Ocho,twitter.com/Ms_Ocho,Una pena que se vaya Allen... estaba ganando muchos puntos. Los 3 lo han luchado como unos titanes#Conquis5ETB,twitter.com/Ms_Ocho/status/1892341494360510508#m
@emmasinemme,twitter.com/emmasinemme,Allen a ser txungos lo llama tener personalidad#Conquis5ETB,twitter.com/emmasinemme/status/1892340985864053219#m
@Ninamer6,twitter.com/Ninamer6,Allen no habr√°s ganado el duelo pero te llevas el cari√±o de toda esta gente#Conquis5ETB,twitter.com/Ninamer6/status/1892246092126867881#m
@elconquis_etb,twitter.com/elconquis_etb,"üé¨El Making Of 5üé•
üí™¬°Gran equipo!#conquis5etb#elconquis5etbinstagram.com/reel/DGQcCOMMh‚Ä¶",twitter.com/elconquis_etb/status/1892216760222257192#m
@elconquis_etb,twitter.com/elconquis_etb,Esta fue la primera ducha de@Reyallenkingtras salir de la aventura ü´ß#Conquis5ETBinstagram.com/reel/DGP6O9NMm‚Ä¶,twitter.com/elconquis_etb/status/1892178207597576634#m
@pitufloris,twitter.com/pitufloris,"Conclusiones del cap√≠tulo: Allen me ha ca√≠do mejor de lo que me pensaba, no merec√≠a salir tan pronto teniendo a gente horrible como Killo, el ansias etc‚Ä¶.Killo, te has coronado,otro al q le hago la cruz. Contenta con los capis, incluso con Joana, demostr√≥ en su d√≠a.#Conquis5ETB",twitter.com/pitufloris/status/1892007471100604840#m
@Lucy_Gifer,twitter.com/Lucy_Gifer,"Una pena la expulsi√≥n de Allen siendo de los pocos majos de los azules, pero Famo es un tit√°n y Ratxel espero que cierre bocas sobre todo la de Killo#Conquis5ETB",twitter.com/Lucy_Gifer/status/1892002931999666490#m
@ekaiitzz1,twitter.com/ekaiitzz1,el nuevo txoskin ü§£#Conquis5ETB,twitter.com/ekaiitzz1/status/1891995588360626613#m
@Lucy_Gifer,twitter.com/Lucy_Gifer,Joana todo indignada con Killo en la asamblea (con raz√≥n por partida doble) Y NO LE NOMINA#Conquis5ETB,twitter.com/Lucy_Gifer/status/1891985912982131059#m
N/A,N/A,N/A,N/A
@Lucy_Gifer,twitter.com/Lucy_Gifer,"Se han quedado sin ikurri√±a por culpa de Killo y van a por Ratxel, todo bien por casa?#Conquis5ETB",twitter.com/Lucy_Gifer/status/1891981991081386072#m
@Lucy_Gifer,twitter.com/Lucy_Gifer,El comentario mis√≥gino de Killo üíÄ#Conquis5ETB,twitter.com/Lucy_Gifer/status/1891981582438691250#m
@pitufloris,twitter.com/pitufloris,Pero y esta manera de cargarse el Laberinto???? Joder os est√°is luciendo.#Conquis5ETB,twitter.com/pitufloris/status/1891980282661576954#m
@Lucy_Gifer,twitter.com/Lucy_Gifer,El bombero me cae mal y es recordar que Huido est√° en su casa y me cae peor a√∫n#Conquis5ETB,twitter.com/Lucy_Gifer/status/1891977765001257409#m
@Lucy_Gifer,twitter.com/Lucy_Gifer,Enhorabuena Killo acabas de entrar en el club de personas que peor me caen de la edici√≥n#Conquis5ETB,twitter.com/Lucy_Gifer/status/1891976676734554406#m
@Lucy_Gifer,twitter.com/Lucy_Gifer,"Por fin los guabanes salen del muy pobre se lo merec√≠an ya, equipazo#Conquis5ETB",twitter.com/Lucy_Gifer/status/1891974146973638769#m
@deskiciadas,twitter.com/deskiciadas,deseando que se vayan uno a uno todos los rojos para perder de vista a la puta munipa#Conquis5ETB,twitter.com/deskiciadas/status/1891972400087970001#m
@Lucy_Gifer,twitter.com/Lucy_Gifer,A Gorka le toca el equipo de los insoportables pues no me apetece#Conquis5ETB,twitter.com/Lucy_Gifer/status/1891966208695484827#m
@Lucy_Gifer,twitter.com/Lucy_Gifer,"Me gusta que hayan tra√≠do sangre nueva en la capitan√≠a, pero tengo la espinita de ver a Gorka como concursante en el Conquis verdadero üòî#Conquis5ETB",twitter.com/Lucy_Gifer/status/1891965518048903635#m
@Lucy_Gifer,twitter.com/Lucy_Gifer,GORKA#Conquis5ETB,twitter.com/Lucy_Gifer/status/1891965069111533870#m
@pitufloris,twitter.com/pitufloris,"Por dios, que estr√©s Marcela#Conquis5ETB",twitter.com/pitufloris/status/1891962738529751544#m
@OdiosaSuegra,twitter.com/OdiosaSuegra,idem#conquis5ETB,twitter.com/OdiosaSuegra/status/1891955337697095857#m
@SspAarrOw,twitter.com/SspAarrOw,"Mi ranking de participantes:
üîµCOROCOTEüîµ
1. Isra
2. Leyre
3. Chivite
4. Koty
5. Carra
6. Ainhoa
7. Rebl√°n
8. Elazar
9. Jime
10. Raquel#conquis5ETB#elconquis5ETB",twitter.com/SspAarrOw/status/1891951092646224194#m
@SspAarrOw,twitter.com/SspAarrOw,"Mi ranking de participantes:
üü°GUABANüü°
1. Aratz
2. Santa
3. Maider
4. Iradi
5. Ekhi
6. Pati
7. Jontxu
8. Filete
9. Lorea
10. Hippie#conquis5ETB#elconquis5ETB",twitter.com/SspAarrOw/status/1891951090515456175#m
@NaiaraAlonso15,twitter.com/NaiaraAlonso15,naiaraalonso.es/peritaje-psi‚Ä¶#acosopsicologico#acoso#FelizMartes#18defebrero#LaIslaDeLasTentaciones10#COAC2025C4#GH17F#GH18F#conquis5ETB,twitter.com/NaiaraAlonso15/status/1891948302519689244#m
@NaiaraAlonsoH,twitter.com/NaiaraAlonsoH,serviciosdepsicologia.es/la-‚Ä¶#intuicion#psicologia#FelizMartes#18febrero#LaIslaDeLasTentaciones10#COAC2025C4#GH17F#GH18F#conquis5ETB,twitter.com/NaiaraAlonsoH/status/1891948301513261189#m
@BEA_triu7,twitter.com/BEA_triu7,Me reafirmo en que Famo en el casting fu√© mucho de machito alfa pero en la aventura est√° teniendo actitud de todo lo contrario.#Conquis5ETB,twitter.com/BEA_triu7/status/1891938384672653618#m
@BEA_triu7,twitter.com/BEA_triu7,"Marce: ""A illo le gusta quedar bien"".

Pues le esta saliendo el plan regulinchi, hulio jahahahahajah#Conquis5ETB",twitter.com/BEA_triu7/status/1891935697419821084#m
@BEA_triu7,twitter.com/BEA_triu7,"Marce me cansaba pero tiene momentos que pone ""seny"". Illo tocando los ovarios con ""yo m√°s ganas de ir al rico que nadie"" con la que ha liado...nene, c√°llate. 

No me gusta y lo quiero fuera.#Conquis5ETB",twitter.com/BEA_triu7/status/1891934953518120995#m
@BEA_triu7,twitter.com/BEA_triu7,"Carra...Se enciende sola, se crece, se pica, explota... y suelta: ""esto es lo que buscabais? Aqu√≠ lo teneis"".

Juan palomo, colega.#Conquis5ETB",twitter.com/BEA_triu7/status/1891934205619114096#m
N/A,N/A,N/A,N/A
@NaiaraAlonsoH,twitter.com/NaiaraAlonsoH,serviciosdepsicologia.es/rec‚Ä¶#recursos#recursosgratuitos#gratis#psicologia#FelizMartes#18febrero#LaIslaDeLasTentaciones10#COAC2025C4#GH17F#GH18F#conquis5ETB,twitter.com/NaiaraAlonsoH/status/1891933202983321608#m
@desastreonline,twitter.com/desastreonline,‚ù§Ô∏èPepe Jeans Sharon Blazer para Mujeramzn.to/3WgqK2c#FelizMartes#ofertas#ofertasamazon#invierno#18deFebrero#LaIslaDeLasTentaciones10#COAC2025C4#GH17F#GH18F#conquis5ETB,twitter.com/desastreonline/status/1891933202786226424#m
@NaiaraAlonso15,twitter.com/NaiaraAlonso15,consultoriojuridico.es/cance‚Ä¶#antecedentespenales#cancelaciondeantecedentespenales#FelizMartes#18defebrero#LaIslaDeLasTentaciones10#COAC2025C4#GH17F#GH18F#conquis5ETB,twitter.com/NaiaraAlonso15/status/1891933202710921464#m
@desastreonline,twitter.com/desastreonline,"Elizabeth Arden - Ceramide Premiere, Crema Hidratante de D√≠a, con SPF 30buff.ly/40oPc2L#LaIslaDeLasTentaciones10#COAC2025C4#GH17F#GH18F#conquis5ETB",twitter.com/desastreonline/status/1891925758047596577#m
@maternidadrweb,twitter.com/maternidadrweb,Torre de Aprendizaje de Bamb√∫ Naturalamzn.to/4fv7nJp#FelizMartes#FelizMartesATodos#18deFebrero#LaIslaDeLasTentaciones10#COAC2025C4#GH17F#GH18F#conquis5ETB,twitter.com/maternidadrweb/status/1891925658013462768#m
@Jerezanizimo,twitter.com/Jerezanizimo,Siendo sincero en esta prueba Gorka ha estorbado mas que otra cosa#Conquis5ETB,twitter.com/Jerezanizimo/status/1891925542124888223#m
@Jerezanizimo,twitter.com/Jerezanizimo,Es una pena cuando se marcha gente con buen rollo y que estaba disfrutando del programa y se queda gente tan mal rollera como Carra o Jommy#Conquis5ETB,twitter.com/Jerezanizimo/status/1891924917504852260#m
@Jerezanizimo,twitter.com/Jerezanizimo,Creo que la organizaci√≥n no tiene que ser tan descarada con los tongazos para tener programas con contenido.#Conquis5ETB,twitter.com/Jerezanizimo/status/1891924361239494881#m
@Jerezanizimo,twitter.com/Jerezanizimo,Que hab√≠a pacto Yocahu para llevar a duelo a Rachel en vez de Killo lo sab√≠an hasta en San Petersburgo#Conquis5ETB,twitter.com/Jerezanizimo/status/1891923970766545327#m
@Jerezanizimo,twitter.com/Jerezanizimo,Killo es insoportable pero la poca verg√ºenza de todo su equipo al no nominarlo y la capitana tampoco ha sido legendaria#Conquis5ETB,twitter.com/Jerezanizimo/status/1891923659742134454#m
@Jerezanizimo,twitter.com/Jerezanizimo,"Vaya robo al equipo al equipo Yocahu, pod√≠an haber descalificado a 10 mas pero era evidente que quer√≠an cometer este atraco.#Conquis5ETB",twitter.com/Jerezanizimo/status/1891923427356713307#m
@NaiaraAlonso15,twitter.com/NaiaraAlonso15,naiaraalonso.es/peritaje-psi‚Ä¶#peritajepsicologico#informepsicologico#psicologiajuridica#psicologiaforense#FelizMartes#18defebrero#LaIslaDeLasTentaciones10#COAC2025C4#GH17F#GH18F#conquis5ETB,twitter.com/NaiaraAlonso15/status/1891918104738812062#m
@NaiaraAlonsoH,twitter.com/NaiaraAlonsoH,serviciosdepsicologia.es/ser‚Ä¶#series#psicologia#netflix#hbo#FelizMartes#18febrero#LaIslaDeLasTentaciones10#COAC2025C4#GH17F#GH18F#conquis5ETB,twitter.com/NaiaraAlonsoH/status/1891918103862448285#m
@desastreonline,twitter.com/desastreonline,ü§çAlmohada Ortop√©dica para Pierna y Rodillaamzn.to/4agp8ew#FelizMartes#ofertas#ofertasamazon#invierno#18deFebrero#LaIslaDeLasTentaciones10#COAC2025C4#GH17F#GH18F#conquis5ETB,twitter.com/desastreonline/status/1891918103443054815#m
@MissBursin,twitter.com/MissBursin,Joana es la mejor capitana que pueda haber#Conquis5ETB,twitter.com/MissBursin/status/1891914108590588373#m
@desastreonline,twitter.com/desastreonline,Juego de 3 Sartenes Antiadherentesbuff.ly/3E1pLgc#LaIslaDeLasTentaciones10#COAC2025C4#GH17F#GH18F#conquis5ETB,twitter.com/desastreonline/status/1891910680267075718#m
@Piesdesnudosweb,twitter.com/Piesdesnudosweb,C√≥mo hacer crecer tu penebuff.ly/45fQ9eD#pene#crecer#hombre#LaIslaDeLasTentaciones10#COAC2025C4#GH17F#GH18F#conquis5ETB,twitter.com/Piesdesnudosweb/status/1891910639053922718#m
N/A,N/A,N/A,N/A
@maternidadrweb,twitter.com/maternidadrweb,Gimnasio Bebe con Fundas Lavables Reemplazablesamzn.to/41H4FgR#FelizMartes#FelizMartesATodos#18deFebrero#LaIslaDeLasTentaciones10#COAC2025C4#GH17F#GH18F#conquis5ETB,twitter.com/maternidadrweb/status/1891910557701222501#m
@MissRogelia,twitter.com/MissRogelia,Gracias Guanchete por dar cordura a esta locura de justificacion#Conquis5ETB,twitter.com/MissRogelia/status/1891908946232815642#m
@NaiaraAlonsoH,twitter.com/NaiaraAlonsoH,serviciosdepsicologia.es/mut‚Ä¶#mutismoselectivo#silencio#ansiedad#psicologia#FelizMartes#18febrero#LaIslaDeLasTentaciones10#COAC2025C4#GH17F#GH18F#conquis5ETB,twitter.com/NaiaraAlonsoH/status/1891903005353705743#m
@NaiaraAlonso15,twitter.com/NaiaraAlonso15,naiaraalonso.es/peritaje-psi‚Ä¶#abusosexual#abusosexualinfantil#FelizMartes#18defebrero#LaIslaDeLasTentaciones10#COAC2025C4#GH17F#GH18F#conquis5ETB,twitter.com/NaiaraAlonso15/status/1891903003319267372#m
@desastreonline,twitter.com/desastreonline,üëóPijama Mujer Inviernoamzn.to/3C8ZBaC#FelizMartes#ofertas#ofertasamazon#invierno#18deFebrero#LaIslaDeLasTentaciones10#COAC2025C4#GH17F#GH18F#conquis5ETB,twitter.com/desastreonline/status/1891903002535133428#m
@Piesdesnudosweb,twitter.com/Piesdesnudosweb,Como lucir tus piesbuff.ly/44LsCCw#lucir#pies#LaIslaDeLasTentaciones10#COAC2025C4#GH17F#GH18F#conquis5ETB,twitter.com/Piesdesnudosweb/status/1891895647541874835#m
@desastreonline,twitter.com/desastreonline,Funda el√°stica para sof√° de 3 plazasbuff.ly/4jnntIc#LaIslaDeLasTentaciones10#COAC2025C4#GH17F#GH18F#conquis5ETB,twitter.com/desastreonline/status/1891895475252425078#m
@maternidadrweb,twitter.com/maternidadrweb,Piscina de Bolas Beb√©amzn.to/3ZSAPU7#FelizMartes#FelizMartesATodos#18deFebrero#LaIslaDeLasTentaciones10#COAC2025C4#GH17F#GH18F#conquis5ETB,twitter.com/maternidadrweb/status/1891895461444764112#m
@NaiaraAlonsoH,twitter.com/NaiaraAlonsoH,serviciosdepsicologia.es/des‚Ä¶#desensibilizacionsistematica#modificaciondeconducta#psicologia#FelizMartes#18febrero#LaIslaDeLasTentaciones10#COAC2025C4#GH17F#GH18F#conquis5ETB,twitter.com/NaiaraAlonsoH/status/1891887906152755550#m
@NaiaraAlonso15,twitter.com/NaiaraAlonso15,consultoriojuridico.es/el-de‚Ä¶#delitoleve#robo#hurto#FelizMartes#18defebrero#LaIslaDeLasTentaciones10#COAC2025C4#GH17F#GH18F#conquis5ETB,twitter.com/NaiaraAlonso15/status/1891887905821557044#m
@desastreonline,twitter.com/desastreonline,üî•Sudadera PUMAamzn.to/3Wk7CjI#FelizMartes#ofertas#ofertasamazon#invierno#18deFebrero#LaIslaDeLasTentaciones10#COAC2025C4#GH17F#GH18F#conquis5ETB,twitter.com/desastreonline/status/1891887904525373635#m
@desastreonline,twitter.com/desastreonline,Purificador de Aire con Filtro HEPAbuff.ly/3DZ2cEJ#LaIslaDeLasTentaciones10#COAC2025C4#GH17F#GH18F#conquis5ETB,twitter.com/desastreonline/status/1891880526476108068#m
@Hrmaiques_3d,twitter.com/Hrmaiques_3d,Funko POP! Disney: Ultimate Princesa - Arielbuff.ly/4b4TmQX#funkopop#oferta#disney#ariel#sirenita#LaIslaDeLasTentaciones10#COAC2025C4#GH17F#GH18F#conquis5ETB#FelizMartes,twitter.com/Hrmaiques_3d/status/1891880475125260452#m
@maternidadrweb,twitter.com/maternidadrweb,Nido de beb√©amzn.to/49Rx1af#FelizMartes#FelizMartesATodos#18deFebrero#LaIslaDeLasTentaciones10#COAC2025C4#GH17F#GH18F#conquis5ETB,twitter.com/maternidadrweb/status/1891880363355480406#m
@NaiaraAlonso15,twitter.com/NaiaraAlonso15,consultoriojuridico.es/leasi‚Ä¶#leasing#renting#FelizMartesATodos#LaIslaDeLasTentaciones10#COAC2025C4#GH17F#GH18F#conquis5ETB,twitter.com/NaiaraAlonso15/status/1891880354069332146#m
@Piesdesnudosweb,twitter.com/Piesdesnudosweb,Durex Perfect Connection Lubricante de Base Siliconabuff.ly/44tALvZ#lubricante#durex#placer#LaIslaDeLasTentaciones10#COAC2025C4#GH17F#GH18F#conquis5ETB,twitter.com/Piesdesnudosweb/status/1891880353154891881#m
N/A,N/A,N/A,N/A
@NaiaraAlonso15,twitter.com/NaiaraAlonso15,naiaraalonso.es/peritaje-psi‚Ä¶#acosolaboral#acosoeneltrabajo#FelizMartes#18defebrero#LaIslaDeLasTentaciones10#COAC2025C4#GH17F#GH18F#conquis5ETB,twitter.com/NaiaraAlonso15/status/1891872805253415345#m
@NaiaraAlonsoH,twitter.com/NaiaraAlonsoH,serviciosdepsicologia.es/bul‚Ä¶#bulimia#bulimianerviosa#tca#psicologia#FelizMartes#18febrero#LaIslaDeLasTentaciones10#COAC2025C4#GH17F#GH18F#conquis5ETB,twitter.com/NaiaraAlonsoH/status/1891872804368158811#m
@desastreonline,twitter.com/desastreonline,ü§çEdred√≥n Borrego con Estampado 240 x 260 cm con 2 Fundas de Cojinamzn.to/3PFEQGw#FelizMartes#ofertas#ofertasamazon#invierno#18deFebrero#LaIslaDeLasTentaciones10#COAC2025C4#GH17F#GH18F#conquis5ETB,twitter.com/desastreonline/status/1891872804309729500#m
@XabiM3,twitter.com/XabiM3,"Mi top de inaguantables en un equipo por ahora: 

1/Jime
2/Killo
3/Elazar
4/Carra

(Juzgo por lo poco q se ve, no se me sientan ofendidos. Seguro q son bell√≠simas personas en la vida de a diario)#Conquis5ETB",twitter.com/XabiM3/status/1891869870293209578#m
@losyeyis1314,twitter.com/losyeyis1314,"Duelazo el de ayer! Reitxel espectacular, nadie apostaba por ella y creo q nos cerr√≥ la boca a casi todos. Famo muy bien tmb. Lo siento por Allen que se le hab√≠a cogido mucho cari√±o y le van a echar muy en falta en su grupo#Conquis5ETB",twitter.com/losyeyis1314/status/1891866925489139776#m
@Piesdesnudosweb,twitter.com/Piesdesnudosweb,Sillon tantrabuff.ly/4a8F5C4#sillon#tantra#LaIslaDeLasTentaciones10#COAC2025C4#GH17F#GH18F#conquis5ETB,twitter.com/Piesdesnudosweb/status/1891865428961488929#m
@desastreonline,twitter.com/desastreonline,Crema Enriquecida con Col√°geno Marino (50ml)buff.ly/4gSLJAq#LaIslaDeLasTentaciones10#COAC2025C4#GH17F#GH18F#conquis5ETB,twitter.com/desastreonline/status/1891865417158693217#m
@maternidadrweb,twitter.com/maternidadrweb,Parque Infantil Beb√©amzn.to/3BELBoU#FelizMartes#FelizMartesATodos#18deFebrero#LaIslaDeLasTentaciones10#COAC2025C4#GH17F#GH18F#conquis5ETB,twitter.com/maternidadrweb/status/1891865266050695480#m
@mrlpz15,twitter.com/mrlpz15,"Que penita que se vaya Allen, jo! Me gusta de momento Joana de capitana, al menos de ayudanta, se ve que cogi√≥ buenos apuntes de Joana Pastrana, control√≥ muy bien el nerviosismo y la frutraci√≥n de La Ratxel‚Ä¶#Conquis5ETB",twitter.com/mrlpz15/status/1891860785845973269#m
@NaiaraAlonso15,twitter.com/NaiaraAlonso15,consultoriojuridico.es/habla‚Ä¶#hablaconunabogado#consultaslegales#abogados#FelizMartes#18defebrero#LaIslaDeLasTentaciones10#COAC2025C4#GH17F#GH18F#conquis5ETB,twitter.com/NaiaraAlonso15/status/1891857705159045302#m
@NaiaraAlonsoH,twitter.com/NaiaraAlonsoH,serviciosdepsicologia.es/la-‚Ä¶#autoestima#amorpropio#psicologia#FelizMartes#18febrero#LaIslaDeLasTentaciones10#COAC2025C4#GH17F#GH18F#conquis5ETB,twitter.com/NaiaraAlonsoH/status/1891857704844656758#m
@desastreonline,twitter.com/desastreonline,"üëüSkechers Uno, Zapatillas Mujeramzn.to/3DVItFW#FelizMartes#ofertas#ofertasamazon#invierno#18deFebrero#LaIslaDeLasTentaciones10#COAC2025C4#GH17F#GH18F#conquis5ETB",twitter.com/desastreonline/status/1891857704131625321#m
@MissRogelia,twitter.com/MissRogelia,"Sobre Killo solo dire:

Deseando verle en un duelo contra Rachel üòâ#Conquis5ETB",twitter.com/MissRogelia/status/1891852732975190409#m
@Piesdesnudosweb,twitter.com/Piesdesnudosweb,Pies de silicona de mujerbuff.ly/3Uxpl5z#pies#silicona#mujer#LaIslaDeLasTentaciones10#COAC2025C4#GH17F#GH18F#conquis5ETB,twitter.com/Piesdesnudosweb/status/1891850307409268946#m
@maternidadrweb,twitter.com/maternidadrweb,Trona Beb√© de Maderaamzn.to/3VRVGpb#FelizMartes#FelizMartesATodos#18deFebrero#LaIslaDeLasTentaciones10#COAC2025C4#GH17F#GH18F#conquis5ETB,twitter.com/maternidadrweb/status/1891850159509864503#m
@desastreonline,twitter.com/desastreonline,Neutrogena F√≥rmula Noruega Loci√≥n Corporal Pack de 2 x 750 mlbuff.ly/4hjDXPR#LaIslaDeLasTentaciones10#COAC2025C4#GH17F#GH18F#conquis5ETB,twitter.com/desastreonline/status/1891850155176931447#m
@eiberri_eus,twitter.com/eiberri_eus,"üì∫El debarra Xabi Osa, uno de los capitanes de@elconquis_etbeiberri.eus/el-debarra-xabi-‚Ä¶a trav√©s de@eiberri_eus#Conquis5ETB",twitter.com/eiberri_eus/status/1891845664612426022#m
N/A,N/A,N/A,N/A
@MissRogelia,twitter.com/MissRogelia,"Espero que@gorkaworkoutno vaya siempre por el camino de llevar a duelo ""al menos completo""

Allen no era el mas potente, pero tampoco el menos completo. Tiene una cualidad que escasea en el equipo Corocote y que necesitaran, el positivismo#Conquis5ETB",twitter.com/MissRogelia/status/1891843340561265102#m
@NaiaraAlonsoH,twitter.com/NaiaraAlonsoH,serviciosdepsicologia.es/ges‚Ä¶#gestiondeltiempo#tiempo#comogestionarmitiempo#psicologia#FelizMartes#18febrero#LaIslaDeLasTentaciones10#COAC2025C4#GH17F#GH18F#conquis5ETB,twitter.com/NaiaraAlonsoH/status/1891842607678095387#m
@NaiaraAlonso15,twitter.com/NaiaraAlonso15,consultoriojuridico.es/grado‚Ä¶#gradosdeparentesco#familia#consanguinidad#afinidad#FelizMartes#18defebrero#LaIslaDeLasTentaciones10#COAC2025C4#GH17F#GH18F#conquis5ETB,twitter.com/NaiaraAlonso15/status/1891842605950042532#m
@desastreonline,twitter.com/desastreonline,"‚ù§Ô∏èEscritorio el√©ctrico, Regulable a 2 Alturasamzn.to/40w5N62#FelizMartes#ofertas#ofertasamazon#invierno#18deFebrero#LaIslaDeLasTentaciones10#COAC2025C4#GH17F#GH18F#conquis5ETB",twitter.com/desastreonline/status/1891842604821582219#m
@desastreonline,twitter.com/desastreonline,Moccasin Mujer Michael Korsbuff.ly/42jzVmn#LaIslaDeLasTentaciones10#COAC2025C4#GH17F#GH18F#conquis5ETB,twitter.com/desastreonline/status/1891835084103115235#m
@Piesdesnudosweb,twitter.com/Piesdesnudosweb,Juego Parejas ‚Äì 220 Cartas ‚Äì Regalo Originalbuff.ly/3ygRJ4s#juego#parejas#cartas#LaIslaDeLasTentaciones10#COAC2025C4#GH17F#GH18F#conquis5ETB,twitter.com/Piesdesnudosweb/status/1891835076192645156#m
@maternidadrweb,twitter.com/maternidadrweb,"Arn√©s de Caminar para Ni√±os - Poli√©ster Suave, Correa de Seguridad Ajustable para Ni√±os y Ni√±as:temu.to/k/es48xy2x4kd#FelizMartes#FelizMartesATodos#18deFebrero#LaIslaDeLasTentaciones10#COAC2025C4#GH17F#GH18F#conquis5ETB",twitter.com/maternidadrweb/status/1891835062418801057#m
@NaiaraAlonso15,twitter.com/NaiaraAlonso15,naiaraalonso.es/abogacia/nac‚Ä¶#nacionalidad#nacionalidadespa√±ola#obtenerlanacionalidad#FelizMartes#18defebrero#LaIslaDeLasTentaciones10#COAC2025C4#GH17F#GH18F#conquis5ETB,twitter.com/NaiaraAlonso15/status/1891827510519661053#m
@desastreonline,twitter.com/desastreonline,ü§çBolso Bandolera para Ordenador Port√°tilamzn.to/4j9CD41#FelizMartes#ofertas#ofertasamazon#invierno#18deFebrero#LaIslaDeLasTentaciones10#COAC2025C4#GH17F#GH18F#conquis5ETB,twitter.com/desastreonline/status/1891827508926165092#m
@NaiaraAlonsoH,twitter.com/NaiaraAlonsoH,serviciosdepsicologia.es/ata‚Ä¶#ataque#panico#ataquedepanico#psicologia#FelizMartes#18febrero#LaIslaDeLasTentaciones10#COAC2025C4#GH17F#GH18F#conquis5ETB,twitter.com/NaiaraAlonsoH/status/1891827506497421490#m
@desastreonline,twitter.com/desastreonline,Bolso Fossilbuff.ly/4jzs2zB#LaIslaDeLasTentaciones10#COAC2025C4#GH17F#GH18F#conquis5ETB,twitter.com/desastreonline/status/1891820057019249024#m
@maternidadrweb,twitter.com/maternidadrweb,"Portabeb√©s de cintura en forma de taburete, cintur√≥n para llevar a tu beb√©, asiento para la cintura ajustable para beb√©:temu.to/k/ecmqojhnoxj#FelizMartes#FelizMartesATodos#18deFebrero#LaIslaDeLasTentaciones10#COAC2025C4#GH17F#GH18F#conquis5ETB",twitter.com/maternidadrweb/status/1891819960906744020#m
@NaiaraAlonsoH,twitter.com/NaiaraAlonsoH,serviciosdepsicologia.es/aco‚Ä¶#acosovecinal#acoso#vecinos#psicologia#FelizMartes#18febrero#LaIslaDeLasTentaciones10#COAC2025C4#GH17F#GH18F#conquis5ETB,twitter.com/NaiaraAlonsoH/status/1891812408685101176#m
@desastreonline,twitter.com/desastreonline,"‚ù§Ô∏èLenovo Tablet Tab M11, Pantalla t√°ctil de 11 Pulgadasamzn.to/3CcKJrL#FelizMartes#ofertas#ofertasamazon#invierno#18deFebrero#LaIslaDeLasTentaciones10#COAC2025C4#GH17F#GH18F#conquis5ETB",twitter.com/desastreonline/status/1891812408252830197#m
@NaiaraAlonso15,twitter.com/NaiaraAlonso15,consultoriojuridico.es/juzga‚Ä¶#juzgadosdeviolenciasobrelamujer#violenciadeg√©nero#FelizMartes#18defebrero#LaIslaDeLasTentaciones10#COAC2025C4#GH17F#GH18F#conquis5ETB,twitter.com/NaiaraAlonso15/status/1891812406986469654#m
N/A,N/A,N/A,N/A
@Piesdesnudosweb,twitter.com/Piesdesnudosweb,Arnes con penebuff.ly/4acRi8P#arn√©s#pene#LaIslaDeLasTentaciones10#COAC2025C4#GH17F#GH18F#conquis5ETB,twitter.com/Piesdesnudosweb/status/1891804871122153845#m
@palcismalcis,twitter.com/palcismalcis,Puede Joana haber batido el record en salir del laberinto?. Qu√© velocidad!. L√°stima que no valiera para nada...#Conquis5ETB,twitter.com/palcismalcis/status/1891803816502215091#m
@SURCARPINIANO,twitter.com/SURCARPINIANO,"#conquis5ETBHoy La Ratxel la semana pasada Patti, dos titanas que est√°n dejando clarito que marcar m√∫sculo y tener cuerpazos no es sin√≥nimo de triunfo üëèüëèüëè",twitter.com/SURCARPINIANO/status/1891802941809406290#m
@NaiaraAlonso15,twitter.com/NaiaraAlonso15,naiaraalonso.es/peritaje-psi‚Ä¶#entrevistaconeltribunalmedico#tribunalmedico#FelizMartes#18defebrero#LaIslaDeLasTentaciones10#COAC2025C4#GH17F#GH18F#conquis5ETB,twitter.com/NaiaraAlonso15/status/1891797309156897092#m
@NaiaraAlonsoH,twitter.com/NaiaraAlonsoH,serviciosdepsicologia.es/la-‚Ä¶#hipocondria#trastorno#psicologia#FelizMartes#18febrero#LaIslaDeLasTentaciones10#COAC2025C4#GH17F#GH18F#conquis5ETB,twitter.com/NaiaraAlonsoH/status/1891797308095754489#m
@desastreonline,twitter.com/desastreonline,ü§çPower Bank Alta Velocidadamzn.to/3DWDNzx#FelizMartes#ofertas#ofertasamazon#invierno#18deFebrero#LaIslaDeLasTentaciones10#COAC2025C4#GH17F#GH18F#conquis5ETB,twitter.com/desastreonline/status/1891797306267062618#m
@desastreonline,twitter.com/desastreonline,Calvin Klein Jeans Cintur√≥n Mujer de pielbuff.ly/42cViWt#LaIslaDeLasTentaciones10#COAC2025C4#GH17F#GH18F#conquis5ETB#FelizMartes,twitter.com/desastreonline/status/1891789874295918607#m
@Piesdesnudosweb,twitter.com/Piesdesnudosweb,Picardiasbuff.ly/3yhHFYV#picardias#sexo#LaIslaDeLasTentaciones10#COAC2025C4#GH17F#GH18F#conquis5ETB,twitter.com/Piesdesnudosweb/status/1891789799524020383#m
@maternidadrweb,twitter.com/maternidadrweb,Calienta Biberones | Esterilizador Biberonesamzn.to/41NAsfX#FelizMartes#FelizMartesATodos#18deFebrero#LaIslaDeLasTentaciones10#COAC2025C4#GH17F#GH18F#conquis5ETB,twitter.com/maternidadrweb/status/1891789767550881827#m
@NaiaraAlonsoH,twitter.com/NaiaraAlonsoH,serviciosdepsicologia.es/la-‚Ä¶#laira#ira#psicologia#FelizMartes#18febrero#LaIslaDeLasTentaciones10#COAC2025C4#GH17F#GH18F#conquis5ETB,twitter.com/NaiaraAlonsoH/status/1891782211122168053#m
@NaiaraAlonso15,twitter.com/NaiaraAlonso15,consultoriojuridico.es/difer‚Ä¶#ere#erte#trabajadores#derecholaboral#FelizMartes#18defebrero#LaIslaDeLasTentaciones10#COAC2025C4#GH17F#GH18F#conquis5ETB,twitter.com/NaiaraAlonso15/status/1891782209151103063#m
@curry_92,twitter.com/curry_92,"Yo estoy muy triste porque Allen perd√≠o ayer, ha sido todo un descubrimiento, era de mis favs. Pas√≥ de caerme como el culo en el casting a ser un t√≠o super respetuoso, buen compa√±ero, metalidad positiva, sin meterse en lios, ayudando en lo que podia un CRACK#Conquis5ETB",twitter.com/curry_92/status/1891781120640917856#m
@euskaltelebista,twitter.com/euskaltelebista,"Joana Flaviano, Gorka Ibarguren y Xabi Osa, ¬°nuevos#capitanesde@elconquis_etb!#Conquis5ETBeitb.eus/es/television/progr‚Ä¶",twitter.com/euskaltelebista/status/1891762074013008184#m
@euskaltelebista,twitter.com/euskaltelebista,Allen se marcha muy agradecido por la  oportunidad y deja su ''juguete amuleto'' m√°s preciado a los Corocote#Conquis5ETB@elconquis_etb#despedidaeitb.eus/es/television/progr‚Ä¶,twitter.com/euskaltelebista/status/1891759560274387110#m
@kamizvlog,twitter.com/kamizvlog,"No quer√≠a tampoco que pierda Allen es demasiado carism√°tico. Aunque  no entend√≠ porque le dejo el culo r√©plica a la estatua.

Pr√≥ximo producto en lanzamiento: el Culo t√≥memüçëüóøü§£ü§£ü§£

Agur Divo!#Conquis5ETB",twitter.com/kamizvlog/status/1891758105228095765#m
N/A,N/A,N/A,N/A
@euskaltelebista,twitter.com/euskaltelebista,Allen es el quinto#expulsadoy no puede contener las l√°grimas en su despedida#conquis5ETB@elconquis_etbeitb.eus/es/television/progr‚Ä¶,twitter.com/euskaltelebista/status/1891752280652673216#m
@Oscarmnndz,twitter.com/Oscarmnndz,No fallan los rojos con el mismo discurso todos los a√±os. Yo esperaba un mot√≠n o algo xk ‚Äúnos han robado‚Äù. Me enfado y no respiro o cosas de esas de los rojos üòÇüòÇüòÇ#Conquis5ETB,twitter.com/Oscarmnndz/status/1891696253278302569#m
@Oscarmnndz,twitter.com/Oscarmnndz,Yo creo que si Gorka hubiera estado m√°s d√≠as con ellos‚Ä¶ no hubiera mandado a Allen ü§∑üèΩ‚Äç‚ôÇÔ∏è pero a√∫n no les conoc√≠a y eligi√≥ mal.#Conquis5ETB,twitter.com/Oscarmnndz/status/1891695168878686486#m
@Oscarmnndz,twitter.com/Oscarmnndz,Me encanta! Jajaja y por fin han ganado un juego y han salido de la ci√©naga üíõ#Conquis5ETB,twitter.com/Oscarmnndz/status/1891694845019799749#m
@romaes79_TS,twitter.com/romaes79_TS,Y ahora c√≥mo decide mi corazoncito si apoyar a@gorkaworkouto a los minions? Esto no se hace! Sobre todo ahora que ni siquiera va a estar Allen comiendo palomitas con Ainhoa mientras observan el salseo#Conquis5ETB,twitter.com/romaes79_TS/status/1891658664252936602#m
@nekeinpower,twitter.com/nekeinpower,Lo de que solo hubiera dos tronkos me ha parecido una broma injustisima..#CONQUIS5ETB,twitter.com/nekeinpower/status/1891651253895041462#m
@nekeinpower,twitter.com/nekeinpower,"Que pena Allen,de la poca cordura azul, y dejamos a Eleazar,jime y reblan... mal cambio... üòûüòû#CONQUIS5ETB",twitter.com/nekeinpower/status/1891650921202864352#m
@nehomarf,twitter.com/nehomarf,Un saludo y reconocimiento a@MissRogeliapor su conocimiento y experiencia con el Conquistador#Conquis5ETB,twitter.com/nehomarf/status/1891646350409781655#m
@MarianPampillon,twitter.com/MarianPampillon,"Se va un digno Corocote üíô. L√°stima, porque las risas  y el buen rollo estaban garantizadas con Allen. 
Por cierto, por ahora, en los duelos, se han ido los que van al pobre... Quiz√°, en vez de ir a tanto ""intermedio"", habr√≠a que ir a por todas...#Conquis5ETB",twitter.com/MarianPampillon/status/1891646327634722946#m
@angelandresvm,twitter.com/angelandresvm,soy el √∫nico que se alegra de la eliminaci√≥n de Allen de@elconquis_etb?????#Conquis5ETB,twitter.com/angelandresvm/status/1891646213130248523#m
@sconqfan,twitter.com/sconqfan,Gabooon famili conquis ‚ù§Ô∏èüíôüíõ#Conquis5ETB,twitter.com/sconqfan/status/1891646171518586927#m
@aritz_fuentes,twitter.com/aritz_fuentes,"Muy mala elecci√≥n por parte del Gorka, Allen era uno de los fuertes y daba la alegr√≠a al grupo, hab√≠a  otr@s del equipo m√°s debiles.Veo muy poca vida al equipo azul.#Conquis5ETB",twitter.com/aritz_fuentes/status/1891645855410561045#m
@haeradhel,twitter.com/haeradhel,"Bueno, familia Conquis, nos leemos el mi√©rcoles ‚ú® Ondoloin#Conquis5ETB",twitter.com/haeradhel/status/1891645780622016640#m
@Rober_Alv,twitter.com/Rober_Alv,Se est√°n marchando perfiles que dan un punto de tranquilidad y coherencia. Y se est√°n quedando otros que hay que darles de comer a parte. Espero que esto no se haga muy cuesta arriba. Gabon guztioi#Conquis5ETB,twitter.com/Rober_Alv/status/1891645480154591654#m
@haeradhel,twitter.com/haeradhel,Se viene surstr√∂mming üá∏üá™ü§≠#Conquis5ETB,twitter.com/haeradhel/status/1891645324885692851#m
@Conquis18677855,twitter.com/Conquis18677855,"Todos pens√°bamos que Allen nos iba a caer fatal porque el casting fue horrible, pero luego nos ha sorprendido mucho, la mayor√≠a le hemos cogido cari√±o#Conquis5ETB",twitter.com/Conquis18677855/status/1891645010107367600#m
N/A,N/A,N/A,N/A
@patri_cule,twitter.com/patri_cule,#Conquis5ETBse viene prueba de comer de todo ü§Æ,twitter.com/patri_cule/status/1891644931996828114#m
@GuanchoConquis,twitter.com/GuanchoConquis,Buenas noches a todxs y que tengan un buen descanso#Conquis5ETB,twitter.com/GuanchoConquis/status/1891644917966913597#m
@_bender92,twitter.com/_bender92,"Pues me ha dado penita la eliminaci√≥n de Allen, reconozco que me ca√≠a fatal, pero vi√©ndolo aqu√≠ me ha ca√≠do muy bien, es muy simp√°tico y ha peleado much√≠simo este duelo. 

Que malos son los prejuicios previos, lo reconozco üôà

PD. Allen reg√°lame tu jugeutico ü§£ü§£#Conquis5ETB",twitter.com/_bender92/status/1891644873956033003#m
@marta307,twitter.com/marta307,Decimos de can√≠bales pero la de la semana que viene va a ser peor. Nos leemos en una semana#Conquis5ETB,twitter.com/marta307/status/1891644865341014207#m
@Ibigomz,twitter.com/Ibigomz,"Un juego de comer sustromming en el pr√≥ximo episodio?? Jajajja
Imperdible#Conquis5ETB",twitter.com/Ibigomz/status/1891644851814306257#m
@GuanchoConquis,twitter.com/GuanchoConquis,Ese juego es nuevo‚Ä¶. son latas de una comida sueca creo que apesta muchisimo a podrido.#Conquis5ETB,twitter.com/GuanchoConquis/status/1891644758105194582#m
@Rodrigo30254917,twitter.com/Rodrigo30254917,Jajaja pero que les van a dar sustroming???#Conquis5ETB,twitter.com/Rodrigo30254917/status/1891644749548765525#m
@misssaguga,twitter.com/misssaguga,Bueno se viene interesante el pr√≥ximo ü§Æü§Æü§Æü§Æ#Conquis5ETB,twitter.com/misssaguga/status/1891644737934729329#m
@CiclismPro,twitter.com/CiclismPro,"Rachel...bien, co√±o, bien!! Vuelve al campamento y recuerda, tan mal √≥ peor que killo han sido los que te clavaron la lanza#Conquis5ETB",twitter.com/CiclismPro/status/1891644696511815932#m
@linapalsa,twitter.com/linapalsa,Vuelven las comidas asquerosas#Conquis5ETB,twitter.com/linapalsa/status/1891644692694987043#m
@madalenero_77,twitter.com/madalenero_77,"Bon an√≠s family Conquis.... 
Allen bye bye.... ü§™ü§™ü§™ü§™#Conquis5ETB",twitter.com/madalenero_77/status/1891644674449756398#m
@alaialo_,twitter.com/alaialo_,Ay Dios el avance üòñ pero que estaban comiendo???#Conquis5ETB,twitter.com/alaialo_/status/1891644655604822480#m
@heartbreakels,twitter.com/heartbreakels,interesante juego el siguiente me gusta#Conquis5ETB,twitter.com/heartbreakels/status/1891644623858106456#m
@Pepperwood_,twitter.com/Pepperwood_,La pr√≥xima semana mejor no cenar#Conquis5ETB,twitter.com/Pepperwood_/status/1891644617331785929#m
@N4G0R17XU,twitter.com/N4G0R17XU,Gabon familia. Nos leemos el mi√©rcoles#conquis5etb,twitter.com/N4G0R17XU/status/1891644594523193608#m
@ataloba_,twitter.com/ataloba_,Super fan de reitxel dedicandoselo a toda su estirpe üòÇü§üüèº GRANDEEEE#Conquis5ETB,twitter.com/ataloba_/status/1891644579985633527#m
@mirarilichis,twitter.com/mirarilichis,ES SUSTROMMING???? Me cago en mi vida#Conquis5ETB,twitter.com/mirarilichis/status/1891644578899341661#m
@auskalo8,twitter.com/auskalo8,Qu√© rico el pr√≥ximo episodio ü§§#Conquis5ETB,twitter.com/auskalo8/status/1891644529243037769#m
@wishedraven,twitter.com/wishedraven,COMIDAS ASQUEROSAS SIIII#Conquis5ETB,twitter.com/wishedraven/status/1891644482447176077#m
@haeradhel,twitter.com/haeradhel,"Allen no ser√° el m√°s h√°bil, pero no es ni de lejos el m√°s paquete tampoco, y espero que tenga otra oportunidad en alg√∫n momento, porque su actitud, ganas y buen rollo se agradecen un mont√≥n en el programa ‚ù§Ô∏è El chico merec√≠a quedarse m√°s tiempo#Conquis5ETB",twitter.com/haeradhel/status/1891644479481729476#m
N/A,N/A,N/A,N/A
@Ibigomz,twitter.com/Ibigomz,"Me da mucha pena que se vaya  Allen King, un tipo que aportaba muy buen rollo y  era el √∫nico que pon√≠a un poco de cordura en discusiones. 
En esa prueba podr√≠a haber estado Jime, Elazar,... Muchos que aportan menos que √©l. 
Que pena.#Conquis5ETB#ElConquis5ETB",twitter.com/Ibigomz/status/1891644414822396382#m
@jay_basque,twitter.com/jay_basque,f√≠jate lo que son los prejuicios‚Ä¶ despu√©s de ver la gala de presentaci√≥n ten√≠a clar√≠simo que no iba a tragar a ALLEN y resulta que ha sido el √∫nico junto a CHIVITE que ha merecido la pena de ese equipo‚Ä¶#Conquis5ETB,twitter.com/jay_basque/status/1891644398405869761#m
@Goiizeedeer,twitter.com/Goiizeedeer,Ps eso üòÇ#Conquis5ETB,twitter.com/Goiizeedeer/status/1891644293615423627#m
@MissMiu_Z,twitter.com/MissMiu_Z,Allen mister simpat√≠a ‚ò∫Ô∏è#Conquis5ETB,twitter.com/MissMiu_Z/status/1891644230604361919#m
@CiclismPro,twitter.com/CiclismPro,"Allen, has dado alegr√≠a. Tu madre puede estar orgullosa, has hecho lo que has querido son hacer da√±o ni meterte con nadie üí™üí™#Conquis5ETB",twitter.com/CiclismPro/status/1891644208890434013#m
@112morgana,twitter.com/112morgana,Qu√© penita Allen... lo mal que me call√≥ en el programa de presentaci√≥n y lo bien que me cae ahora#Conquis5ETB,twitter.com/112morgana/status/1891644201244270731#m
@EusKonkis,twitter.com/EusKonkis,Gorka kapitain gisa... flojito... ekarpen eskasa#Conquis5ETB,twitter.com/EusKonkis/status/1891644149117440291#m
@KlarabelleBehia,twitter.com/KlarabelleBehia,El concursazo que ha hecho Allen King#Conquis5ETB,twitter.com/KlarabelleBehia/status/1891644109938462816#m
@auskalo8,twitter.com/auskalo8,Muy triste por Allen pero me alegro por la Ratxel callando bocas#Conquis5ETB,twitter.com/auskalo8/status/1891644065118081384#m
@wishedraven,twitter.com/wishedraven,"me acabo de dar cuenta que no les dan ya la botellita de agua, eso me encantaba#Conquis5ETB",twitter.com/wishedraven/status/1891643958402470035#m
@heartbreakels,twitter.com/heartbreakels,qu√© penita por favor es maj√≠simo#Conquis5ETB,twitter.com/heartbreakels/status/1891643896431591603#m
@konkiban,twitter.com/konkiban,"esa alegr√≠a, esa risa....@Reyallenking, Allen....una pena de p√©rdida, y m√°s en ese equipo azul#Conquis5ETB",twitter.com/konkiban/status/1891643870187778310#m
@ZaizuZer,twitter.com/ZaizuZer,Que penita Allen#Conquis5ETB,twitter.com/ZaizuZer/status/1891643860087960030#m
@Conquis18677855,twitter.com/Conquis18677855,Por lo menos seguro que Joana alabar√° la labor de Ratxel en el duelo frente al equipo#Conquis5ETB,twitter.com/Conquis18677855/status/1891643799123661266#m
@julivalga2,twitter.com/julivalga2,"Pobre Allen, qu√© pena!
Muy mal el ayudante, Gorka lo ha dado por perdido desde el comienzo del duelo#Conquis5ETB",twitter.com/julivalga2/status/1891643692257104208#m
@Betelu11,twitter.com/Betelu11,"Pues pese a que en el casting Allen...me dejara bastante que desear, el tipo se ha pegado un buen concurso y era el que mejor rollo pon√≠a en los Corocote.#Conquis5ETB",twitter.com/Betelu11/status/1891643669461041561#m
@Goiizeedeer,twitter.com/Goiizeedeer,Ps pa dar eso qu√©date en casa tu ves que show este que horror xD#Conquis5ETB,twitter.com/Goiizeedeer/status/1891643597667131582#m
@MissMiu_Z,twitter.com/MissMiu_Z,"Allen has sido majisimo y nos has ca√≠do a todos genial, Twitter te quiere un mont√≥n ü´∂üèº#Conquis5ETB",twitter.com/MissMiu_Z/status/1891643447687225678#m
@Conquis18677855,twitter.com/Conquis18677855,"Pues el equipo azul lo veo muy mal encaminado... han perdido a perfiles mas conciliadores y muchos de los que quedan son liantes, quejicas, montapollos... todav√≠a hay gente luchadora y simpatica pero si siguen este camino van a terminar extinguiendose#Conquis5ETB",twitter.com/Conquis18677855/status/1891643391005311263#m
@wishedraven,twitter.com/wishedraven,"allen nos ha sorprendido a todos para bien, el mejor compa√±ero de los corocotes una pena muy grande#Conquis5ETB",twitter.com/wishedraven/status/1891643310424350790#m
N/A,N/A,N/A,N/A
@mirarilichis,twitter.com/mirarilichis,"Qu√© ternurita me est√° dando Allen, de verdad.
Es un osito de pelucheüíô#Conquis5ETB",twitter.com/mirarilichis/status/1891643303109513424#m
@guaito66,twitter.com/guaito66,"#Conquis5ETBterrible La Ratxel. Me alegro profundamente por esa txabala. Campeona. Compitiendo y peleando hasta al final, y muy bien capitaneada. No des un paso atr√°s ni para coger impulso. A√∫pa La Ratxel",twitter.com/guaito66/status/1891643269139820959#m
@mondadientes_,twitter.com/mondadientes_,"Qu√© pena, Allen!! ‚ù§Ô∏è‚Äçü©π#Conquis5ETB",twitter.com/mondadientes_/status/1891643203473785097#m
@GuanchoConquis,twitter.com/GuanchoConquis,AAAAhh vale Killo no se presento porque uno de su equipo se lo pidio‚Ä¶ yo me pregunto si otro del equipo le dice que vaya voluntario‚Ä¶ iria? Que excusa tan floja.#Conquis5ETB,twitter.com/GuanchoConquis/status/1891643169499976187#m
@wishedraven,twitter.com/wishedraven,gorka a allen#Conquis5ETB,twitter.com/wishedraven/status/1891643130853671354#m
@Betelu11,twitter.com/Betelu11,El Killo al ver llegar a Marcela y La Ratxel y al campamento#Conquis5ETB,twitter.com/Betelu11/status/1891643074314453018#m
@misssaguga,twitter.com/misssaguga,"Me da pena por que para los personajes que hay en el equipo Corocote‚Ä¶ entre Jime, F√©lix‚Ä¶Elazar‚Ä¶y se va el que por lo menos pon√≠a buen rollo#Conquis5ETB",twitter.com/misssaguga/status/1891643065258987776#m
@Pepperwood_,twitter.com/Pepperwood_,"Por el casting pens√© que no soportar√≠a a Allen y todo lo contrario, ha concursado muy bien#Conquis5ETB",twitter.com/Pepperwood_/status/1891643024435724761#m
@jay_basque,twitter.com/jay_basque,"una pena que se vaya ALLEN antes que otros muchos azules‚Ä¶ 

LA RATXEL no me gusta mucho pero me alegro de que vuelva para que KILLO vea que las mujeres no son d√©biles.#Conquis5ETB",twitter.com/jay_basque/status/1891643007763398830#m
@Rober_Alv,twitter.com/Rober_Alv,"Se va Allen y tenemos que seguir aguantando a Jime, Killo, Marcela, Carra.... Madre mia.#Conquis5ETB",twitter.com/Rober_Alv/status/1891643005649461722#m
@konkiban,twitter.com/konkiban,"Allen@Reyallenking, que como el dice, perdido como un pulpo.... pero... ten√≠a de ayudante a gorka.... Y NO HA SABIDO AYUDARLE, NO Y NO, FATAL#Conquis5ETB",twitter.com/konkiban/status/1891642997588000896#m
@Maaitaane,twitter.com/Maaitaane,Ratxel makina üí™üèº zorionak!#Conquis5ETB,twitter.com/Maaitaane/status/1891642952377643365#m
@xabierpinedo1,twitter.com/xabierpinedo1,"espero que este duelo sirva para daros cuenta que hay mujeres mas fuertes que hombres , matxiruloak anotad#Conquis5ETB",twitter.com/xabierpinedo1/status/1891642919146119194#m
@andeer_ATH2,twitter.com/andeer_ATH2,"Madre m√≠a Gorka, vaya mierda de capit√°n, Allen aun yendo por detr√°s de todos ha tenido que repetir todo 40 veces porque de ayuda 0. Se supone que tiene experiencia y su duelista ha hecho mil cagadas.#Conquis5ETB",twitter.com/andeer_ATH2/status/1891642875852591439#m
@Goiizeedeer,twitter.com/Goiizeedeer,"Otro a√±o sin seleta y su euskera infernal#Conquis5ETBes que pff lo veo por ver entiendo que Juanito y korta est√°n old pero Eneko, David, seleta...etc
Me da pereza la pe√±a nueva es que pierde esencia de todo üòÇ",twitter.com/Goiizeedeer/status/1891642857137590726#m
@anezarandona,twitter.com/anezarandona,"Y si te piden que te tires por el barranco, tambi√©n te tiras, Killo?#Conquis5ETB",twitter.com/anezarandona/status/1891642842063245734#m
@saaii04,twitter.com/saaii04,"Allen se va, el equipo azul se queda sin risas y sin apaciguadores... Gorka realmente no sabe la que ha liado.#Conquis5ETB",twitter.com/saaii04/status/1891642839664111839#m
@larritu,twitter.com/larritu,"Buaa, killo es un flipau tama√±o galaxia#Conquis5ETB",twitter.com/larritu/status/1891642839441740209#m
@elconquis_etb,twitter.com/elconquis_etb,¬øPerdona? ¬øPero Ari est√° en el mismo campamento? Todos y todas tienen una cara... pero ella est√° muy bien ¬øno? jajajajaja#Conquis5ETB,twitter.com/elconquis_etb/status/1891642839026618874#m
@aitorul92,twitter.com/aitorul92,"Allen a casa por no sacar r√°pido la cuerda al inicio y luego ir bastante despacio, lo del √°rbol comprensible porque no ten√≠a muchas opciones pero ten√≠a que haberlo intentado un poco m√°s#Conquis5ETB",twitter.com/aitorul92/status/1891642816662585665#m
N/A,N/A,N/A,N/A
@aitorul92,twitter.com/aitorul92,Famo gana el duelo aunque le ha costado un rato encender la antorcha. Duelo duro el de hoy para seguir en el programa. Ratxel con sufrimiento con la cuerda del √°rbol pero sigue#Conquis5ETB,twitter.com/aitorul92/status/1891642812954755347#m
@hateunicorns2,twitter.com/hateunicorns2,Esto es un duelo en condiciones y no lo de Huido con los ojos cerrados#Conquis5ETB,twitter.com/hateunicorns2/status/1891642797112897984#m
@Conquis18677855,twitter.com/Conquis18677855,"Me da penita Allen, hay tanta gente en el azul que no aporta nada... y √©l en todo momento ha mostrado buena actitud y no se ha quejado. Pienso que ten√≠a mucho m√°s que dar, pero vaya duelazo se han marcado Ratxel y Famoüëèüëèüëè#Conquis5ETB",twitter.com/Conquis18677855/status/1891642772861464878#m
@rizandolosrizos,twitter.com/rizandolosrizos,Pues se va Allen que es uno de los pocos salvables de su equipo.... üòî#Conquis5ETB,twitter.com/rizandolosrizos/status/1891642731111362569#m
@marta307,twitter.com/marta307,Pues para uno que pon√≠a un poco de buen rollo en el azul y se va... tremendo rollazo va a haber ahora#Conquis5ETB,twitter.com/marta307/status/1891642729794265406#m
@ligaconquis,twitter.com/ligaconquis,"Una gran p√©rdida.
Tremendo txapeld√∫n el se√±or Allen King.
Adem√°s de animado y buenrrollero, s√∫per inteligente y genuino.
Hasta siempre.#conquis5etb",twitter.com/ligaconquis/status/1891642691475144877#m
@heartbreakels,twitter.com/heartbreakels,hostia c√≥mo tiene la cara nahikari#Conquis5ETB,twitter.com/heartbreakels/status/1891642625100292404#m
@Saralienigena,twitter.com/Saralienigena,"Ail, aio, aio!! Agur familiconquistwiter üòòüòòüòò#conquis5ETB",twitter.com/Saralienigena/status/1891642598017687598#m
@wishedraven,twitter.com/wishedraven,vamos que ha soltado otro comentario? piquito de oro es el killo#Conquis5ETB,twitter.com/wishedraven/status/1891642597703078205#m
@tomaticosfresh,twitter.com/tomaticosfresh,"pues que pena la verdad, se me hechaba de menos#Conquis5ETB",twitter.com/tomaticosfresh/status/1891642597354913840#m
@sconqfan,twitter.com/sconqfan,Pues Ol√© la Rachel eeee yo no daba un duro por ella y m√≠rala iba primera durante todo el duelo OLE#Conquis5ETB,twitter.com/sconqfan/status/1891642524223111346#m
@miriam__sh,twitter.com/miriam__sh,"Como me alegro que haya ganado tambi√©n Ratxel. 
Zorionak üëèüëèüëèüëèüëè#Conquis5ETB",twitter.com/miriam__sh/status/1891642519324176863#m
@auskalo8,twitter.com/auskalo8,Qu√© triste que se vaya Allen no merec√≠a#Conquis5ETB,twitter.com/auskalo8/status/1891642518170665427#m
@larritu,twitter.com/larritu,Ratxel üëèüëèüëè#Conquis5ETB,twitter.com/larritu/status/1891642511468212380#m
@momocosaguena,twitter.com/momocosaguena,"#Conquis5ETBpues para uno que me gustaba, Allen se va üò≠ 
Lo hizo bien, un poco lento",twitter.com/momocosaguena/status/1891642472079544595#m
@blxncaxx,twitter.com/blxncaxx,Bueno pues adi√≥s a la alegr√≠a del conquis üíôü•πespero que nos lo traig√°is en otra edici√≥n porque es un concursante brillante ‚ù§Ô∏è‚Äçü©π#Conquis5ETB,twitter.com/blxncaxx/status/1891642471026704892#m
@IkerSantxo,twitter.com/IkerSantxo,"Allen es para estar orgulloso del duelo y de la actitud mostrada, es dif√≠cil en un duelo a tres que te encuentres con dos palmeras, las opciones no son las mismas, pero esto es el Conquis!
Una pena, porque lo ha echo muy bien!#Conquis5ETB",twitter.com/IkerSantxo/status/1891642463875407967#m
@j1_perezSub,twitter.com/j1_perezSub,Han cortado por la cara ?#Conquis5ETB,twitter.com/j1_perezSub/status/1891642463288205504#m
@Conquis18677855,twitter.com/Conquis18677855,Me encanta que en los dos √∫ltimos programas hayan hecho duelazos perfiles como Pati y la Ratxel en las que ni su propio equipo confiaba y han callado bocas. Muy muy bienüëèüëèüëè#Conquis5ETB,twitter.com/Conquis18677855/status/1891642460649947538#m
@Saralienigena,twitter.com/Saralienigena,Qu√© grande Ratxel!! Y qu√© pena que se vaya Allen y que se quede Killo...#conquis5ETB,twitter.com/Saralienigena/status/1891642437652693272#m
N/A,N/A,N/A,N/A
@P3t3rRD,twitter.com/P3t3rRD,Putada que se vaya Allen. Bien porque la Ratxel le calla la boca a Killo#Conquis5ETB,twitter.com/P3t3rRD/status/1891642430681682111#m
@GoikoItzela,twitter.com/GoikoItzela,Gorka#Conquis5ETB,twitter.com/GoikoItzela/status/1891642423954084121#m
@marcmarcmarcs,twitter.com/marcmarcmarcs,Gorka como capit√°n de momento se ha estrenado bastante meh#Conquis5ETB,twitter.com/marcmarcmarcs/status/1891642423660462440#m
@El_Xn,twitter.com/El_Xn,"#Conquis5ETBlo ve√≠a venir. Allen me cae genial, pero se ve√≠a que no era conquistador, le faltaba ambici√≥n y picard√≠a. Pero me hac√≠a falta en el programa, su ausencia se va a notar, y sobre todo en el campamento.",twitter.com/El_Xn/status/1891642419063541934#m
@delgadosanc,twitter.com/delgadosanc,"#conquis5ETBRatxel con 2 ovarios y callando bocas Leona....
Menuda capi Joana.",twitter.com/delgadosanc/status/1891642418123989169#m
@wishedraven,twitter.com/wishedraven,"y dando las gracias a la capitana que la ha guiado como un lazarillo, de 10 las dos#Conquis5ETB",twitter.com/wishedraven/status/1891642414923714654#m
@strawfly14,twitter.com/strawfly14,"Me da much√≠sima pena que se vaya Allen, y creo que no ha sido la mejor elecci√≥n de Gorka con los lastres que pod√≠a tener en su equipo. Pero me alegro much√≠simo de Ratxel por callar bocas y volver siendo la m√°s d√©bil como dicen todos. Me encanta cuando hay sorpresasüëè#Conquis5ETB",twitter.com/strawfly14/status/1891642409588588826#m
@misssaguga,twitter.com/misssaguga,Tambi√©n te digo no s√© si alguno del equipo azul hubiese ganado este duelo eeeh#Conquis5ETB,twitter.com/misssaguga/status/1891642407197823076#m
@OlatzCalvo,twitter.com/OlatzCalvo,"Si antes alabo a Allen, antes se va a casa. 

La pr√≥xima semana apunto a Killo a ver si hay suerte.#Conquis5ETB",twitter.com/OlatzCalvo/status/1891642404341493983#m
@mirarilichis,twitter.com/mirarilichis,"No me puedo creer que sigan Elazar, Jime y Killo en la aventura y que Allen se haya ido.
Estoy rota.#Conquis5ETB",twitter.com/mirarilichis/status/1891642403179622523#m
@MissMiu_Z,twitter.com/MissMiu_Z,Me alegro por la Rachel pero lloro fuerte üò≠ por Allen#Conquis5ETB,twitter.com/MissMiu_Z/status/1891642402537910365#m
@Rober_Alv,twitter.com/Rober_Alv,"Pues nada una vez mas el Conquis carg√°ndose un juego. Tres concursantes, 3 palmeras. Asi de sencillo. Luego se preguntan porque cae la audiencia.#Conquis5ETB",twitter.com/Rober_Alv/status/1891642387136413829#m
@Car_Comenta,twitter.com/Car_Comenta,Si allen se hubiera callado la bocaza Gorka no le hubiera nominado üò≠#Conquis5ETB,twitter.com/Car_Comenta/status/1891642379762885060#m
@auskalo8,twitter.com/auskalo8,"Gorka ha estado flojito como ayudante, esperemos que lo haga mejor con el equipo#Conquis5ETB",twitter.com/auskalo8/status/1891642358745211371#m
@Henarmp1,twitter.com/Henarmp1,"Gorka sin saberlo, ha condenado al equipo azul llevando y perdiendo a su mejor integrante, Allen te queremos#Conquis5ETB",twitter.com/Henarmp1/status/1891642344753025261#m
@Pepperwood_,twitter.com/Pepperwood_,¬øCuerpos gordos d√≥nde?#Conquis5ETB,twitter.com/Pepperwood_/status/1891642344023249360#m
@linealeva,twitter.com/linealeva,Gorka como ayudante ha estado flojito la verdad#Conquis5ETB,twitter.com/linealeva/status/1891642338520223907#m
@GuanchoConquis,twitter.com/GuanchoConquis,Rachel zorionak chapelduna. Oso ondo.#Conquis5ETB,twitter.com/GuanchoConquis/status/1891642336444055869#m
@konkiban,twitter.com/konkiban,"gorka, con experiencia..... NO HA SABIDO AYUDAR A ALLEN#Conquis5ETB",twitter.com/konkiban/status/1891642332253946343#m
N/A,N/A,N/A,N/A
@AritzRedin87,twitter.com/AritzRedin87,"#Conquis5ETBBonito duelo de parte de todos, al menos ninguno se a rendido",twitter.com/AritzRedin87/status/1891642312909893739#m
@xabierpinedo1,twitter.com/xabierpinedo1,ratxel jabata üëè#Conquis5ETB,twitter.com/xabierpinedo1/status/1891642308136759524#m
@Raistli17868841,twitter.com/Raistli17868841,"#Conquis5ETBGorka dir√° que lo ha peleado, pero yo dir√≠a que se quer√≠a ir",twitter.com/Raistli17868841/status/1891642298011693418#m
@marta307,twitter.com/marta307,Tengo que decirlo: por qu√© co√±o no tuvo Huido un duelo de este estilo??!!#Conquis5ETB,twitter.com/marta307/status/1891642279418364150#m
@anezarandona,twitter.com/anezarandona,"Muy bien Ratxel. 
A callar bocas.
L√°stima que no hayas ganado, lo siento Allen#Conquis5ETB",twitter.com/anezarandona/status/1891642279112106457#m
@sconqfan,twitter.com/sconqfan,Con lo bien que me termino cayendo el Allen para que se vaya ahora Jolin#Conquis5ETB,twitter.com/sconqfan/status/1891642273185624431#m
@haeradhel,twitter.com/haeradhel,"Pues Gorka, te has coronado con tu nominaci√≥n. Qu√© cagada#Conquis5ETB",twitter.com/haeradhel/status/1891642233901719747#m
@Conquis18677855,twitter.com/Conquis18677855,La Ratxel ha sido impresionante!!üëè#Conquis5ETB,twitter.com/Conquis18677855/status/1891642195326710249#m
@wishedraven,twitter.com/wishedraven,OL√â RATXEL#Conquis5ETB,twitter.com/wishedraven/status/1891642187235930284#m
@sconqfan,twitter.com/sconqfan,Pffff yo llevo viendo a Allen casi remontar 20999 veces y me hicieron pensar que lo lograr√≠a pero pfffff mi pobre Allen#Conquis5ETB,twitter.com/sconqfan/status/1891642186053153029#m
@heartbreakels,twitter.com/heartbreakels,la pena que me da por allen üòî me parece que ha hecho una buena aventura y que ha ido siempre de cara diciendo todo lo que pensaba#Conquis5ETB,twitter.com/heartbreakels/status/1891642183473615089#m
@Leire1717,twitter.com/Leire1717,Que grande la ratxel#Conquis5ETB,twitter.com/Leire1717/status/1891642144374362385#m
@N4G0R17XU,twitter.com/N4G0R17XU,"Bueno Gorla....eso de que ha peleado....que quieres que te diga, yo tampoco le he visto con muchas ganas eh#Conquis5ETB",twitter.com/N4G0R17XU/status/1891642133548872153#m
@Ainhoa_ink,twitter.com/Ainhoa_ink,"Reichel ha demostrado que hay mujeres m√°s fuertes que hombres, muero por ver la cara de Killo BRAVO Reichel üí™üèΩüí™üèΩ#Conquis5ETB",twitter.com/Ainhoa_ink/status/1891642108374597890#m
@Sforever_winter,twitter.com/Sforever_winter,"Pero c√≥mo subo? 
Pues ech√°ndole huevos ! 
Diloooo#Conquis5ETB",twitter.com/Sforever_winter/status/1891642046567378944#m
@mirarilichis,twitter.com/mirarilichis,"Estoy: Triste, enfadada, decepcionada.
Mi top tres de esta edici√≥n se ha ido a casa.
Gorka, he pasado del amor al odio contigo en un solo episodio.#Conquis5ETB",twitter.com/mirarilichis/status/1891642038237430201#m
@konkiban,twitter.com/konkiban,"gorka.... fatal, fatal fatal#Conquis5ETB",twitter.com/konkiban/status/1891642030003978373#m
@Pepperwood_,twitter.com/Pepperwood_,Est√° Gorka m√°s perdido que Allen#Conquis5ETB,twitter.com/Pepperwood_/status/1891642018167726178#m
@misssaguga,twitter.com/misssaguga,"Me estoy poniendo mala, esta chica no se puede ir a casa despu√©s del duelo que  se ha marcado#Conquis5ETB",twitter.com/misssaguga/status/1891642003793822189#m
@marta307,twitter.com/marta307,"Vamos Ratxel, despu√©s del duelazo que has hecho no te vengas abajo ahora!#Conquis5ETB",twitter.com/marta307/status/1891641982142804307#m
N/A,N/A,N/A,N/A
@Maaitaane,twitter.com/Maaitaane,Me parece una puta guarra el hecho de que haya solo 2 putas palmeras para 3 duelistas.#Conquis5ETB,twitter.com/Maaitaane/status/1891641942712234022#m
@haeradhel,twitter.com/haeradhel,Ratxel una luchadora de p madre#Conquis5ETB,twitter.com/haeradhel/status/1891641913062695310#m
@charlisin46yout,twitter.com/charlisin46yout,"#conquis5etbA tomar por CULOooo allen y encantado !!!

ü§£ü§£ü§£ü§£ Como molan los duelos sin amarillos jajajajaja

Siguiente lunes mas y mejorrrrrr üí™üí™üí™",twitter.com/charlisin46yout/status/1891641890493128920#m
@konkiban,twitter.com/konkiban,"muy mal gorka, muy mal, no sabe hacer aprovechar todas las oportunidades, excasas, pero son fundamentales para ganar o perder#Conquis5ETB",twitter.com/konkiban/status/1891641848545808400#m
@wishedraven,twitter.com/wishedraven,que no se le vaya la flama ahora a ratxel despu√©s del duelazo que se ha marcado#Conquis5ETB,twitter.com/wishedraven/status/1891641823912677652#m
@GoikoItzela,twitter.com/GoikoItzela,Ay la Reitxel que se viene abajo üò±#Conquis5ETB,twitter.com/GoikoItzela/status/1891641801183809900#m
@Paripeitor,twitter.com/Paripeitor,"Rachel no se puede ir, despu√©s de mearse en los dos pavos casi toda la prueba#Conquis5ETB",twitter.com/Paripeitor/status/1891641765477728628#m
@txiki_96,twitter.com/txiki_96,El problema de Ratxel esque le pierde la cabeza... Esa rabia e impulsividad no le ayudan dn nada#Conquis5ETB,twitter.com/txiki_96/status/1891641761505673566#m
@Goiizeedeer,twitter.com/Goiizeedeer,Allen solo quer√≠a ir a hacer show para ir a supervivientes o intentar meterse en Telecinco no es pa el conquis#Conquis5ETB,twitter.com/Goiizeedeer/status/1891641748180316596#m
@BarcinaMai70386,twitter.com/BarcinaMai70386,"Locura , de duelo, que fuerte#Conquis5ETB",twitter.com/BarcinaMai70386/status/1891641733760356463#m
@Betelu11,twitter.com/Betelu11,Con todas las palmeras que hay y para la prueba de duelo solamente cuentan con 2 para 3 concursantes...#Conquis5ETB,twitter.com/Betelu11/status/1891641710473556430#m
@LaMariOposita,twitter.com/LaMariOposita,Me parece un drama perder a un concursante como Allen en un programa 5 con la cantidad de participantes que hay que no paran de quejarse o de crear mal rollo#Conquis5ETB#elConquis5ETB,twitter.com/LaMariOposita/status/1891641652470595744#m
@heartbreakels,twitter.com/heartbreakels,me alegro mucho por famo pero la verdad es que ratxel me ha sorprendido much√≠simo vaya duelazo ha hecho#Conquis5ETB,twitter.com/heartbreakels/status/1891641628927889779#m
@Rober_Alv,twitter.com/Rober_Alv,Tres duelistas y dos palmeras. No me parece justo porque condenas a uno. Muy mal#Conquis5ETB,twitter.com/Rober_Alv/status/1891641578680152251#m
@MissMiu_Z,twitter.com/MissMiu_Z,El que ha pensado en poner s√≥lo dos palmeras para joder es el que en la pr√≥xima prueba quiere poner un foso de cocodrilos#Conquis5ETB,twitter.com/MissMiu_Z/status/1891641572237681149#m
@anezarandona,twitter.com/anezarandona,"Tira Allen, vamos Ratxel#Conquis5ETB",twitter.com/anezarandona/status/1891641524015820907#m
@haeradhel,twitter.com/haeradhel,Pues lo mejor ser√≠a que Famo terminase y al bajar le dejara sitio a Allen üòÖ#Conquis5ETB,twitter.com/haeradhel/status/1891641510300438695#m
@Car_Comenta,twitter.com/Car_Comenta,"Menuda estupidez que dificulten al tercero en llegar

La gracia de los duelos es la posibilidad de una remontada#Conquis5ETB",twitter.com/Car_Comenta/status/1891641401214935219#m
@sconqfan,twitter.com/sconqfan,"La verdad es que aunque Allen se termine yendo los tres han hecho un duelazo,#Conquis5ETB",twitter.com/sconqfan/status/1891641333862875623#m
@Conquis18677855,twitter.com/Conquis18677855,Se ha perdido un poco la emoci√≥n con esto de que haya solo dos palmerasüòÖüòÆ‚Äçüí®#Conquis5ETB,twitter.com/Conquis18677855/status/1891641276333752806#m
N/A,N/A,N/A,N/A
@Belentxu1001,twitter.com/Belentxu1001,"Allen parece no saber que hacer con la cuerda, con la antorcha, con el recorrido, con el pebetero, con todo √©l... no s√© yo que pensar de su duelo, es que ni ritmo se ha echado al cinto.. que lentitud la suya es que parece como bloqueao..#Conquis5ETB",twitter.com/Belentxu1001/status/1891641266028368230#m
@elconquis_etb,twitter.com/elconquis_etb,La Ratxel ha besado la palmera. Se ha reencarnado en el Australiano del conquis#Conquis5ETB,twitter.com/elconquis_etb/status/1891641245925019730#m
@momocosaguena,twitter.com/momocosaguena,#Conquis5ETBpor qu√© no hay tres palmeras? As√≠ no vale,twitter.com/momocosaguena/status/1891641172822503559#m
@haeradhel,twitter.com/haeradhel,Tendr√≠a que haber 3 troncos. Est√° ahora Allen que no puede hacer nada ni lucharlo...#Conquis5ETB,twitter.com/haeradhel/status/1891641166333976800#m
@andeer_ATH2,twitter.com/andeer_ATH2,Como cojones en un duelo de 3 solo hay 2 palmeras para completarlo? Pero que broma es esta? Como cojones va a intentar Allen subir??#Conquis5ETB,twitter.com/andeer_ATH2/status/1891641110516117568#m
@julivalga2,twitter.com/julivalga2,Ninguno tiene ni puta idea de lo que tiene que hacer despu√©s de las explicaciones de Lur#Conquis5ETB,twitter.com/julivalga2/status/1891641043419885702#m
@sconqfan,twitter.com/sconqfan,Ya es que si deber√≠a haber 3 palmas para que sea pues quien m√°s fuerza y rapidez#Conquis5ETB,twitter.com/sconqfan/status/1891641019944378369#m
@lideirurzun,twitter.com/lideirurzun,Joana super ondo como capitana por ahora. Calmada y burnos consejos. De 10 el duelo#Conquis5ETB,twitter.com/lideirurzun/status/1891640996447899710#m
@MissMiu_Z,twitter.com/MissMiu_Z,No ten√≠an palmeras para todos????#Conquis5ETB,twitter.com/MissMiu_Z/status/1891640910640820683#m
@mirarilichis,twitter.com/mirarilichis,"Que haya dos palmeras en un duelo a tres es una mierda.
Igualdad de condiciones para todos. Por favor y gracias.#Conquis5ETB",twitter.com/mirarilichis/status/1891640900020773005#m
@elconquis_etb,twitter.com/elconquis_etb,"¬øSoy el √∫nico que est√° m√°s tenso que un ""teletubbie"" en un asiento de velcro?#Conquis5ETB",twitter.com/elconquis_etb/status/1891640865069703226#m
@Conquis18677855,twitter.com/Conquis18677855,Pero esto de que haya solo dos arboles para tres?#Conquis5ETB,twitter.com/Conquis18677855/status/1891640861424771417#m
@Rober_Alv,twitter.com/Rober_Alv,Bueno pues Allen est√° condenado... No veo como puede subir#Conquis5ETB,twitter.com/Rober_Alv/status/1891640840918798618#m
@lideirurzun,twitter.com/lideirurzun,PUEDE ACELERAR Y HACRR ALGO?!#Conquis5ETB,twitter.com/lideirurzun/status/1891640812842123578#m
@N4G0R17XU,twitter.com/N4G0R17XU,Allen se quiere ir a casa a m√≠ no me jodas#Conquis5ETB,twitter.com/N4G0R17XU/status/1891640792319488451#m
@delgadosanc,twitter.com/delgadosanc,#conquis5ETBque tranquilad transmite Joana,twitter.com/delgadosanc/status/1891640688682414479#m
@konkiban,twitter.com/konkiban,me va dar algo y no va a acabar como yo quiero üôàüôàüôà#Conquis5ETB,twitter.com/konkiban/status/1891640634148028886#m
@GuanchoConquis,twitter.com/GuanchoConquis,#Conquis5ETBRachel tapando bocas de fuertes y debiles en su equipo‚Ä¶ literal.. a ver que dicen ahora los ‚Äúfuertes‚Äù.,twitter.com/GuanchoConquis/status/1891640621611286576#m
@ligaconquis,twitter.com/ligaconquis,"‚ÄúLa extremidad de la punta‚Äù 
Gran aportaci√≥n de Gorka#conquis5etb",twitter.com/ligaconquis/status/1891640609661694387#m
@khron40,twitter.com/khron40,Pero allen quiere seguir o no? Por qu√© la tranquilidad que lleva es para que se lo haga mirar#Conquis5ETB,twitter.com/khron40/status/1891640596759990344#m
N/A,N/A,N/A,N/A
@haeradhel,twitter.com/haeradhel,Pero por qu√© no se lleva la cuerda al hombro Allen? ü§¶üèª‚Äç‚ôÄÔ∏è#Conquis5ETB,twitter.com/haeradhel/status/1891640591013875987#m
@mondadientes_,twitter.com/mondadientes_,La sonrisa de Allen en todo el duelo??!! üëèüëè#Conquis5ETB,twitter.com/mondadientes_/status/1891640545782514114#m
@mirarilichis,twitter.com/mirarilichis,"Qu√© hay, dos palmeras para tres???#Conquis5ETB",twitter.com/mirarilichis/status/1891640486760247619#m
@anezarandona,twitter.com/anezarandona,Muy bien Ratxel#Conquis5ETB,twitter.com/anezarandona/status/1891640483727765771#m
@sconqfan,twitter.com/sconqfan,Va a tener que pasar por los hoyos de uno de los otros????#Conquis5ETB,twitter.com/sconqfan/status/1891640356141232528#m
@wishedraven,twitter.com/wishedraven,dios dios que estr√©s de duelo#Conquis5ETB,twitter.com/wishedraven/status/1891640237597528427#m
@elconquis_etb,twitter.com/elconquis_etb,La Ratxel volvi√©ndose loca en el duelo#Conquis5ETB,twitter.com/elconquis_etb/status/1891640191699284331#m
@sconqfan,twitter.com/sconqfan,Ser√° lo que sea pero lo est√° dando todo eeeee todos lo est√°n haciendo de 100#Conquis5ETB,twitter.com/sconqfan/status/1891640124284297572#m
@marta307,twitter.com/marta307,"Para escuchar toda la mierda que se suele escuchar tremenda lecci√≥n est√°n dando las mujeres en el conquis, la semana pasada Pati y esta Ratxel üëèüèª#Conquis5ETB",twitter.com/marta307/status/1891640111478997464#m
@IkerSantxo,twitter.com/IkerSantxo,"Allen me est√° gustando mucho mucho, no s√© est√° rindiendo, haciendo las cosas bien, exigi√©ndose‚Ä¶..me est√° gustando!
Ojo!#Conquis5ETB",twitter.com/IkerSantxo/status/1891640092805980524#m
@konkiban,twitter.com/konkiban,que estr√©s llevo con Allen@Reyallenkingbuffff#Conquis5ETB,twitter.com/konkiban/status/1891640005421875688#m
@Leire1717,twitter.com/Leire1717,Quien se va a casssa?#Conquis5ETB,twitter.com/Leire1717/status/1891639998169923749#m
@haeradhel,twitter.com/haeradhel,"Qu√© pasada de duelo, me estoy comiendo las u√±as!#Conquis5ETB",twitter.com/haeradhel/status/1891639983716364440#m
@andeer_ATH2,twitter.com/andeer_ATH2,"Los consejos de Gorka muy muy pobres, le ha matado a Allen el tener que volver porque Gorka ha sido incapaz de fijarse en que se le hab√≠a enganchado en una rama la cuerda. Joana la que mejor ha aconsejado.#Conquis5ETB",twitter.com/andeer_ATH2/status/1891639912849383867#m
@Conquis18677855,twitter.com/Conquis18677855,Muy guay este nuevo dueloüëèüëè#Conquis5ETB,twitter.com/Conquis18677855/status/1891639911163285692#m
@maariinna_,twitter.com/maariinna_,Estoy sufriendo por Allen lo m√°s grande#Conquis5ETB,twitter.com/maariinna_/status/1891639901642207577#m
@anezarandona,twitter.com/anezarandona,Allen la antorcha??#Conquis5ETB,twitter.com/anezarandona/status/1891639899960254635#m
@ligaconquis,twitter.com/ligaconquis,"A√∫pa, Allen!!!#conquis5etb",twitter.com/ligaconquis/status/1891639805483634704#m
@N4G0R17XU,twitter.com/N4G0R17XU,Allen como tenga la misma energ√≠a haciendo porno que haciendo duelo.....#Conquis5ETB,twitter.com/N4G0R17XU/status/1891639781676781870#m
@Pepperwood_,twitter.com/Pepperwood_,"Es que el truco era quemarlo pegado al poste, que se quema la cuerda con la que est√° unido a la tela y se suelta sin necesidad de quemar la cuerda#Conquis5ETB",twitter.com/Pepperwood_/status/1891639724747452575#m
N/A,N/A,N/A,N/A
@Aitor199811,twitter.com/Aitor199811,En √©sta edici√≥n de#Conquis5ETBlas mujeres sentando c√°tedra eh. Grandes,twitter.com/Aitor199811/status/1891639639875657785#m
@MissMiu_Z,twitter.com/MissMiu_Z,"Gorka dici√©ndole a Allen ""vas genial"" y yo ""pero si va el √∫ltimo!"" y qued√°ndome sin u√±as#Conquis5ETB",twitter.com/MissMiu_Z/status/1891639511848833195#m
@ataloba_,twitter.com/ataloba_,La Ratxel callando bocas!! EGURRE#Conquis5ETB,twitter.com/ataloba_/status/1891639442705682787#m
@haeradhel,twitter.com/haeradhel,La hoguera que tiene Ratxel en esa antorcha es incre√≠ble#Conquis5ETB,twitter.com/haeradhel/status/1891639433255960935#m
@wishedraven,twitter.com/wishedraven,joder es que sigue prendiendo la de Ratxel mil veces m√°s que las demas#Conquis5ETB,twitter.com/wishedraven/status/1891639430454083922#m
@anezarandona,twitter.com/anezarandona,Y no es mejor quemar la esquina?#Conquis5ETB,twitter.com/anezarandona/status/1891639380147572968#m
@sconqfan,twitter.com/sconqfan,Allen a√∫n puede ganaaaar eeee#Conquis5ETB,twitter.com/sconqfan/status/1891639373210272231#m
@sconqfan,twitter.com/sconqfan,"JODER QUE DUELO M√ÅS LARGOOOO, ME ENCANTAAAAAA MIL MILLONES DE VECES MEJOR QUE LOS DE SUERTE#Conquis5ETB",twitter.com/sconqfan/status/1891639334593253601#m
@elconquis_etb,twitter.com/elconquis_etb,La cuarta duelista que falta en el cap√≠tulo de hoy#Conquis5ETB,twitter.com/elconquis_etb/status/1891639199851229489#m
@GoikoItzela,twitter.com/GoikoItzela,"Gorka, el pueblo no te perdonar√° üò†#Conquis5ETB",twitter.com/GoikoItzela/status/1891639193668870598#m
@wishedraven,twitter.com/wishedraven,lo que cuesta que se queme del todo la cuerda santa paciencia#Conquis5ETB,twitter.com/wishedraven/status/1891639160655548480#m
@sconqfan,twitter.com/sconqfan,Estoy en una tensiooooon#Conquis5ETB,twitter.com/sconqfan/status/1891639158059237425#m
@N4G0R17XU,twitter.com/N4G0R17XU,Ahora todo va a depender de cuan r√°pido se quemen las cuerdas#Conquis5ETB,twitter.com/N4G0R17XU/status/1891639133010829685#m
@blxncaxx,twitter.com/blxncaxx,B√∫a como gane la ratxel voy a gritar de alegria.... ya est√° bien de hacerla de menos....#Conquis5ETB,twitter.com/blxncaxx/status/1891639099603181867#m
@haeradhel,twitter.com/haeradhel,Por qu√© prende tan poco la antorcha de Famo?#Conquis5ETB,twitter.com/haeradhel/status/1891639069899186176#m
@konkiban,twitter.com/konkiban,que se apague alguna antorcha roja por dioooooo#Conquis5ETB,twitter.com/konkiban/status/1891638940500676954#m
@sconqfan,twitter.com/sconqfan,Como est√° esto se que Allen no llega Patxi?????????? Que no est√° atascado eeeeee#Conquis5ETB,twitter.com/sconqfan/status/1891638928458883402#m
@mondadientes_,twitter.com/mondadientes_,Ojal√° Ratxel llegando al campamento y dici√©ndole a Killo q le coma el toto üñïüèΩ#Conquis5ETB,twitter.com/mondadientes_/status/1891638894874984458#m
@rizandolosrizos,twitter.com/rizandolosrizos,Joder vaya cagada la cuerda enganchada de Allen eh#Conquis5ETB,twitter.com/rizandolosrizos/status/1891638870799683782#m
@wishedraven,twitter.com/wishedraven,ser√° que todas las cuerdas miden lo mismo y el est√° m√°s lejos de los tres#Conquis5ETB,twitter.com/wishedraven/status/1891638869210144857#m
N/A,N/A,N/A,N/A
@madalenero_77,twitter.com/madalenero_77,Bravo Ratxel#Conquis5ETB,twitter.com/madalenero_77/status/1891638859064131708#m
@P3t3rRD,twitter.com/P3t3rRD,Otra vez no llegan las cuerdas ¬ørecuerdo de Vietnam?#Conquis5ETB,twitter.com/P3t3rRD/status/1891638857231147394#m
@konkiban,twitter.com/konkiban,que desastre joder#Conquis5ETB,twitter.com/konkiban/status/1891638795579085151#m
@Conquis18677855,twitter.com/Conquis18677855,Y ahora por que no llega la cuerda de Allen?#Conquis5ETB,twitter.com/Conquis18677855/status/1891638735743160415#m
@haeradhel,twitter.com/haeradhel,Lo siento much√≠simo por Ratxel pero ojal√° se le apague el fuego#Conquis5ETB,twitter.com/haeradhel/status/1891638669749968954#m
@sconqfan,twitter.com/sconqfan,Ay que se me va mi Allen ü•≤ü•≤ü•≤üò∞üò∞üò∞üò∞#Conquis5ETB,twitter.com/sconqfan/status/1891638611130364415#m
@anezarandona,twitter.com/anezarandona,"Se le ha quedado enganchada desde el principio? 
Y Gorka no se ha dado cuenta hasta ahora? 
Joder!#Conquis5ETB",twitter.com/anezarandona/status/1891638594739044446#m
@wishedraven,twitter.com/wishedraven,"me estoy alegrando much√≠simo por ratxel, porque s√≠ que estaba rucurucu con que piensan que es d√©bil, ha demostrado a los dem√°s y a s√≠ misma que es lo que m√°s le hac√≠a falta#Conquis5ETB",twitter.com/wishedraven/status/1891638490711941366#m
@marta307,twitter.com/marta307,Y Gorka no pod√≠a haber mirado antes y revisar que la cuerda iba bien antes de que llegase al pebetero??#Conquis5ETB,twitter.com/marta307/status/1891638462681387171#m
@Conquis18677855,twitter.com/Conquis18677855,"Allen tiene que volver a pasar la red? Ai pobre, deber√≠a de haberse fijado antes#Conquis5ETB",twitter.com/Conquis18677855/status/1891638377365037258#m
@mirarilichis,twitter.com/mirarilichis,He de decir que el ritmo caribe√±o de Allen me est√° dando ansiedad.#Conquis5ETB,twitter.com/mirarilichis/status/1891638372336099776#m
@ZeroCoo12227206,twitter.com/ZeroCoo12227206,Marcela se va a quedar afonica ayudando#Conquis5ETB,twitter.com/ZeroCoo12227206/status/1891638313984856303#m
@misssaguga,twitter.com/misssaguga,Voy a llorar ü•π#Conquis5ETB,twitter.com/misssaguga/status/1891638099341402235#m
@sconqfan,twitter.com/sconqfan,Va a ganar la Rachel????? Flipin jajajajajaaj#Conquis5ETB,twitter.com/sconqfan/status/1891638070002192840#m
@MissMiu_Z,twitter.com/MissMiu_Z,Sufriendo por Allen#Conquis5ETB,twitter.com/MissMiu_Z/status/1891637959738245486#m
@mirarilichis,twitter.com/mirarilichis,Pepetero.#Conquis5ETB,twitter.com/mirarilichis/status/1891637821590413618#m
@konkiban,twitter.com/konkiban,gorka...... como se valla Allen...... no se te va perdonar#Conquis5ETB,twitter.com/konkiban/status/1891637778162544663#m
@Pepperwood_,twitter.com/Pepperwood_,Estos duelos >>>>>>>>>>> Los de azar#Conquis5ETB,twitter.com/Pepperwood_/status/1891637689096573158#m
@sconqfan,twitter.com/sconqfan,Vamos Allen que t√∫ puedes alcanzarles jodederree#Conquis5ETB,twitter.com/sconqfan/status/1891637575296709022#m
@Conquis18677855,twitter.com/Conquis18677855,Con las antorchas siempre se lia jaja#Conquis5ETB,twitter.com/Conquis18677855/status/1891637548432183651#m
N/A,N/A,N/A,N/A
@j_ainhoa,twitter.com/j_ainhoa,Venga famoo!!#Conquis5ETB,twitter.com/j_ainhoa/status/1891637389807829423#m
@ZeroCoo12227206,twitter.com/ZeroCoo12227206,Una pena. Allem transmite muy bien rollo#Conquis5ETB,twitter.com/ZeroCoo12227206/status/1891637346728128966#m
@GuanchoConquis,twitter.com/GuanchoConquis,Rachel tapando bocas‚Ä¶. fuertes y debiles‚Ä¶. me encanta.#Conquis5ETB,twitter.com/GuanchoConquis/status/1891637344773493084#m
@saaii04,twitter.com/saaii04,Espero que Rachel o Famo lien algo. Pero que no se vaya Allen.#Conquis5ETB,twitter.com/saaii04/status/1891637300460732451#m
@konkiban,twitter.com/konkiban,Allen....salvo milagro de √∫ltima hora.....#Conquis5ETB,twitter.com/konkiban/status/1891637201076724180#m
@sconqfan,twitter.com/sconqfan,Tu pues Rachel va mejor de lo que pens√©#Conquis5ETB,twitter.com/sconqfan/status/1891637192528707593#m
@marta307,twitter.com/marta307,"Qu√© mal Allen, para uno que me cae bien de los azules... qu√© cagada Gorka!#Conquis5ETB",twitter.com/marta307/status/1891637184219783670#m
@haeradhel,twitter.com/haeradhel,A Allen le est√° costando. A ver si recupera#Conquis5ETB,twitter.com/haeradhel/status/1891637095803891865#m
@j1_perezSub,twitter.com/j1_perezSub,Ay no ay no üòî#Conquis5ETB,twitter.com/j1_perezSub/status/1891637075050475537#m
@Conquis18677855,twitter.com/Conquis18677855,Pero menuda diferencia le han sacado a Allenüò± va muy lento#Conquis5ETB,twitter.com/Conquis18677855/status/1891637061066658096#m
@sconqfan,twitter.com/sconqfan,Joliiin vamos Allen !!!!!#Conquis5ETB,twitter.com/sconqfan/status/1891637026337792387#m
@N4G0R17XU,twitter.com/N4G0R17XU,Quiere verde veo a Allen#Conquis5ETB,twitter.com/N4G0R17XU/status/1891636907790028816#m
@haeradhel,twitter.com/haeradhel,Ahooora#Conquis5ETB,twitter.com/haeradhel/status/1891636804706619537#m
@haeradhel,twitter.com/haeradhel,Pero a Famo le queda 1 vuelta de cuerda#Conquis5ETB,twitter.com/haeradhel/status/1891636768056709228#m
@linapalsa,twitter.com/linapalsa,Que lento va allen#Conquis5ETB,twitter.com/linapalsa/status/1891636698028642782#m
@GmzzMaitane,twitter.com/GmzzMaitane,"me va a dar pena que se vaya allen, me estaba cayendo muy bien#Conquis5ETB",twitter.com/GmzzMaitane/status/1891636636984709144#m
@Car_Comenta,twitter.com/Car_Comenta,Como se vaya Allen no lo voy a soportar#Conquis5ETB,twitter.com/Car_Comenta/status/1891636624364093745#m
@haeradhel,twitter.com/haeradhel,Ratxel ha empezado muy bien#Conquis5ETB,twitter.com/haeradhel/status/1891636617015636300#m
@sconqfan,twitter.com/sconqfan,Allen va el m√°s lento y la Rachel va mejor#Conquis5ETB,twitter.com/sconqfan/status/1891636604441104535#m
@mirarilichis,twitter.com/mirarilichis,No quero que se vaya Allen... Gorka no te lo voy a perdonarüíî#Conquis5ETB,twitter.com/mirarilichis/status/1891636595846996035#m
